TIME,ARG,AUS,AUT,BEL,BGR,CAN,CHE,CRI,DEU,DNK,ESP,EST,FIN,FRA,GBR,GRC,HRV,HUN,IDN,IRL,ISL,ISR,ITA,JPN,KOR,LUX,LVA,MEX,NLD,NOR,NZL,POL,PRT,ROU,SVK,SVN,SWE,USA,ZAF
1995-Q2,-3.790303996,0.40278985,0.424044226,0.42061728,11.780248887,0.040377509,0.179284703,-0.639215244,0.732410482,-0.286098332,0.626475344,-0.988346746,2.686170213,0.628742675,0.182819088,0.947533377,1.155821092,-0.223510351,2.037694754,2.100677045,2.388079562,2.355522062,-0.006417736,0.92056978,2.021824591,1.049264784,0.533406251,-4.894456853,0.784550155,0.877009104,1.277019872,1.879648493,1.179121107,0.470741779,1.66692743,0.247902331,0.47495936,0.298305699,0.287484075
1995-Q3,-0.386299513,2.255019953,0.226812689,0.599565735,0.49501934,0.131784833,0.502912933,-2.47724e-4,0.16878415,0.4170515,0.404785766,-0.337692774,-0.451811563,0.163464713,1.001778287,0.537860114,1.299854575,-0.018944233,0.38897581,1.086805525,-0.893556816,1.182092004,0.674190389,1.190580295,2.075873115,1.039608695,-1.03838519,1.891182758,0.785696194,2.368342722,0.922622709,2.793463491,0.433832717,2.279217817,0.576423907,0.197734563,0.360182609,0.850664868,0.663462949
1995-Q4,0.766784665,-0.023539615,0.344772176,0.206090819,8.859342523,0.409812959,-0.090384746,0.423823515,0.051847395,0.731687334,0.747758398,1.170002688,0.049144311,0.004597125,0.178658391,0.579167974,3.515829218,-0.409363184,1.369192634,1.444162271,0.058323831,0.794812884,0.698715235,0.249249738,1.870552316,1.070725294,0.309334312,1.911607584,0.712376003,1.239708717,0.670404681,1.280270225,0.677522441,-0.9913277,1.906390837,0.23018651,1.111243682,0.679036536,0.336366655
1996-Q1,2.749659958,1.641964905,0.770485102,-0.201498034,1.132524594,0.06880559,0.414542064,-0.002785814,-0.816170731,0.015030293,0.596091367,0.899310717,1.80299922,0.705297918,0.404140934,0.542957052,0.639059062,0.659195423,1.687402878,2.98628332,4.500016616,1.763555835,0.266556675,0.813988961,1.908135199,1.186705089,-0.260530119,2.701642426,0.410827909,1.456644768,1.404528393,2.08618206,0.78990095,1.369930084,1.691678025,0.646353997,0.665640404,0.748971329,1.852498307
1996-Q2,2.228766023,0.686815978,0.749585291,0.701793472,-1.120461813,0.696292748,-0.360167124,-0.0709551,1.345352952,2.708013266,0.744412778,1.702641332,0.789033009,0.110305681,0.039821691,0.573881042,0.749092564,-0.637399466,3.216570103,2.230016647,0.270267656,1.332242328,-0.12978272800000001,1.257222089,2.020152462,-7.017608955,-0.100607253,1.306015787,1.114967157,-0.137804563,0.889552239,2.002887321,1.199491897,1.90202954,1.175672536,1.178967345,-0.78232398,1.667883947,1.19135893
1996-Q3,2.296677959,0.773754505,0.340481403,0.46045354,-4.821188368,0.863973279,-0.059233225,1.650681998,0.335095243,0.282819107,0.857968292,3.180540989,0.58010194,0.510910685,1.063589112,1.360099317,1.295726753,-0.172723024,1.872110621,-0.554236274,-1.734481027,1.204359809,0.123362892,0.137441917,1.758931416,7.757616145,3.532785934,1.683802716,1.400073112,3.350027011,0.6568436,1.104747344,1.356809474,0.86216703,2.507927982,1.292397383,0.38719777,0.897010936,1.191484164
1996-Q4,1.822265983,0.92602235,0.157053906,0.78868044,-2.103610203,0.80536636,0.508778443,1.636618536,0.757868462,0.034009024,0.521448142,2.032042079,1.873057648,0.258431618,0.99572411,1.059410818,1.932107226,1.264235649,3.246263562,1.220207256,2.231991686,1.657753184,-0.333282708,1.125100631,1.691579214,1.347940445,5.246623483,3.018153015,0.710941146,-1.612266057,1.308054086,-3.449862587,0.282339693,0.795116518,1.969286061,1.742924609,0.728612066,1.038397649,0.938171466
1997-Q1,2.100205284,0.61909184,0.620435463,1.002376205,-10.131994442,1.319174451,1.026231703,-0.092186117,-0.522686688,1.255106285,1.02024876,3.625721675,1.1790249,0.349181716,1.532448804,0.570901131,1.840097787,1.034758561,-1.251111353,4.277370956,4.161234672,0.896882889,0.354970203,0.254648633,0.46806387,0.631238841,-0.831907082,0.174280842,1.090973276,2.694030701,-0.377194255,6.231625515,1.644745127,-3.243958954,0.986863901,0.499531796,0.909753562,0.645560777,0.46421678
1997-Q2,1.487513881,2.9734718510000002,0.287704753,1.546782044,-1.052187624,1.129631513,0.262595226,2.85605963,1.294373116,1.717487195,0.912896259,4.20283309,1.518402825,1.000593117,1.061110574,1.714354301,1.986836205,1.006050707,1.309338395,4.543816173,0.659648495,0.608962858,1.347884028,-0.764611359,3.550552773,1.210765539,4.137747689,2.302739033,1.041229521,2.424620113,1.960099024,1.39468192,0.908618014,-1.714426139,1.48721241,2.302426202,1.170754043,1.661978105,0.627410873
1997-Q3,2.517217344,0.140952425,1.232581127,0.881444397,2.23302842,1.183433842,1.063602186,0.95300358,0.303642371,-0.282299164,1.191036053,2.693309062,2.357253706,0.978440123,0.934035136,1.595103859,0.502629504,0.893280177,1.871090663,1.676827781,-1.047716486,-0.008545379,0.691892734,0.207178824,0.791744376,1.135210979,1.766946145,1.899176965,1.45275968,-0.108184517,-0.245658135,0.43357102,1.300962327,-1.61196225,1.664479307,0.882965203,0.758335382,1.250778573,0.099423795
1997-Q4,1.351457572,1.447318598,0.992660856,0.556978064,-3.357688466,0.968322222,0.761669603,3.380456812,0.756802935,-0.013656432,1.366050308,3.131920579,2.946020128,0.98975339,1.45499958,0.953433782,0.641314973,0.843336774,-0.513920728,1.627774888,2.90897562,1.776445064,1.797916923,0.042180285,-0.455994331,1.120175665,0.282946085,2.479841987,1.282980368,1.419936855,-0.194719661,1.711593772,0.672324286,-0.290502125,-0.536726902,0.367747668,2.012256825,0.858743563,0.013815329
1998-Q1,0.517421564,0.672239126,0.846086615,0.259883446,11.696016112,1.41241503,0.946181857,2.304890379,0.938915436,1.507787696,0.881427181,0.818748026,-0.728759332,0.936106751,0.600514803,1.20090361,-0.281761836,0.855183841,-7.357209728,2.293163278,-2.578806895,1.437387474,-0.756014947,-1.222607734,-6.818021985,1.072219919,5.748583597,0.92084483,1.349037285,0.968966419,-0.562345785,1.907514426,1.447666569,0.772598249,1.770362294,0.612557638,0.428295599,0.999375401,0.262703844
1998-Q2,1.959505358,0.917922521,1.000693826,0.332521666,-6.533145411,0.053398141,1.106879944,-0.068846427,-0.434083645,-0.7552173,1.134158547,-0.565283365,2.01816089,0.805625605,0.532167608,0.442313892,0.223219901,1.522349122,-7.838990038,2.594145775,10.067048432,0.010618837,0.584501558,-0.441863771,-0.807932069,3.511903992,-0.486548071,0.716764807,0.715690359,1.139085798,0.493392579,0.034419291,1.535719128,-1.250185966,0.00923579,0.724907492,1.341393199,0.925820507,0.141425317
1998-Q3,-0.304614298,1.888914041,0.71655699,0.292275574,0.774985109,0.91021039,-0.017171821,0.629335163,0.473338191,1.837315059,0.945725553,-0.101683574,1.256142814,0.738124012,0.300977384,0.349172632,1.624617377,0.918019489,-1.114245198,3.730053378,-0.342422072,0.933216005,0.137618776,0.182533314,1.747151805,1.849443206,-0.946578334,0.517588976,0.853584161,-1.802816448,0.094748629,0.970823234,1.108503881,-1.023457156,-0.825966136,0.852114644,0.537809526,1.252764553,-0.219033432
1998-Q4,-2.549266052,1.502420262,0.375140205,0.223771857,-1.482982461,1.360670376,-0.126930847,2.826307406,-0.40911843,0.320757081,1.086423705,-1.820651577,0.88646774800000006,0.656846279,0.625417867,0.787992764,1.279860095,0.036096765,-2.792810871,-2.413466776,3.267955141,0.694992346,-0.548654226,0.807460233,2.496049822,0.616306338,-2.583004333,0.135030887,0.915112376,0.51406922,1.012563823,0.328307237,0.753210152,0.304427904,7.555388115,0.754523046,1.164461481,1.616190702,0.096284366
1999-Q1,-1.245853391,0.74349976,0.648448868,1.04496599,-2.325127146,1.813816174,0.121851619,-0.530090835,1.154631146,0.906036323,1.003493424,-0.75795058,1.649363081,1.073914597,0.71753313,0.762331324,-3.229583499,0.050727628,5.647681199,5.651344936,-0.310186112,-0.791303246,0.689512123,-1.378010157,3.03463255,2.745075645,3.478453254,1.010957545,1.666753831,0.856045865,1.186994179,0.816314111,1.32919639,-0.45171505,-3.349537152,1.674921815,1.131500751,0.943826615,0.961068944
1999-Q2,-1.129907359,0.32199007,1.301779157,1.368173585,-2.641357501,0.836544698,0.569655431,1.928262595,4.88e-6,0.516383093,1.192424139,0.87741017,0.531208499,0.275965533,0.404129602,0.93320509,1.075298731,1.036602004,-0.054982737,1.13856254,-2.261945487,4.075347149,0.346684793,0.377979663,4.383164849,2.159141889,-1.546370606,0.591988593,1.112901909,0.045643771,0.827884265,2.070391095,0.52210511,-0.306913688,-1.699675278,4.245525172,0.644448581,0.83500003,0.795890222
1999-Q3,-0.288150498,1.156721982,1.681615996,1.452361037,-0.839934992,1.56467609,0.611845057,0.862901935,1.119865514,0.618053367,1.3303898220000001,1.031385897,0.533205236,1.095096529,1.680630967,0.382797756,-0.562974925,1.891147287,0.273416965,4.052813855,0.739778396,0.322171816,0.882519021,0.532937971,2.781170984,2.875859911,3.569773129,0.976735859,1.37722889,2.065328178,2.802827878,1.974889312,0.980398873,1.017360368,-0.622629345,-2.598252774,0.783109525,1.323027026,1.091897244
1999-Q4,1.672821014,1.70576591,0.278626387,1.18423025,-5.439362568,1.40669634,2.449124996,1.821910436,0.815381615,1.398796059,1.121813248,2.589980767,0.852903935,1.434778305,1.44958507,1.598924514,0.363891105,1.121117707,0.107211652,2.296553467,4.353663215,1.737235096,1.462181135,0.03635992,2.886255375,-0.408235262,3.321483896,0.919768656,1.406875109,1.728707385,1.22377149,1.461200921,0.57433716,0.928906605,-0.45269806,1.75998831,1.855159569,1.642779005,1.099982162
2000-Q1,-0.340002407,0.39996411,0.905240618,0.711111111,10.084678313,1.59973568,0.618217701,0.818026023,1.430528223,0.975099668,1.604993102,3.798032869,2.982422893,1.046736259,1.161303589,0.37966256,2.812371323,0.813768919,3.147464302,0.96555506,-0.072197057,2.187655389,1.112893605,1.698758087,1.895051738,5.175644811,0.848300429,1.880614011,0.62271011,1.512039914,1.455051221,0.72739744,2.2254685850000002,1.040338747,1.06606718,1.08342336,0.71128082,0.364447361,1.168839972
2000-Q2,-1.60889246,0.940759964,0.796973388,0.719574385,0.931865052,1.188584709,0.442135362,0.100700576,0.809332948,1.138417342,1.258317872,2.504249339,0.770593242,1.032407875,0.654921704,0.921994078,-1.485972446,1.094141072,-0.574923718,2.624052372,1.01826089,3.074414087,0.816881619,0.472637656,1.332510215,-1.308913481,-0.258104519,1.506734641,1.116802889,-1.451450991,0.047454589,1.102426512,-0.528487831,1.39229734,0.990378792,1.398059032,2.480264289,1.820583008,0.919990786
2000-Q3,-0.255185082,0.248236127,0.565142895,0.463712377,0.841119413,1.016981788,0.937492102,0.861971877,-0.047224415,0.276238214,1.080112971,1.233840865,1.565924032,0.677876945,0.510036966,1.868409667,1.577473804,0.886741615,2.436406825,2.182679152,2.985293744,3.067003573,0.614603727,0.025657076,2.754591172,1.742455567,3.106625371,1.020507802,0.825163363,0.975499587,0.392632217,0.321144774,1.464864525,-1.619121049,0.606427939,1.169167758,0.799453203,0.099774128,0.990394283
2000-Q4,0.306858135,-0.362770507,1.282121738,0.977660399,0.906602045,0.1712074,1.336386204,0.92265574,-0.295305313,0.977800167,1.018595501,2.249923978,1.063064683,0.824404863,0.429040478,1.418925598,0.63267223,1.918133385,2.875613082,1.042830205,-1.112979329,-0.024754255,1.501155012,0.971960919,-0.324457972,0.587565665,-1.211522951,-0.862492403,1.299729479,0.039488318,0.196860728,1.787746878,0.669401591,0.669616285,0.567678685,0.71287995,-0.284274599,0.594361755,0.850954686
2001-Q1,0.163646159,1.041137547,-0.233537843,0.056388046,0.790335228,0.529651011,-0.178799865,1.417233211,2.02280698,-1.085721803,1.066791396,1.442800228,0.489247671,0.51100212,0.856367003,1.237878102,0.94042995,0.691399198,-0.712595937,1.57721805,0.502761862,-1.186911494,0.595756384,0.741961214,1.225554801,1.631256881,2.278713687,0.026937257,0.108520684,1.183873539,0.3484138,-0.324819058,-0.312683656,2.695631609,0.709741138,1.266692798,0.351507128,-0.324221003,0.614511833
2001-Q2,-0.829817774,0.816837446,-0.070824616,0.017986043,0.976490636,0.269490025,0.444232653,0.173043704,-0.046445592,0.488181251,0.745368702,0.124261954,0.119503397,0.118535033,0.366006178,-0.263573867,0.576573971,0.785743218,1.022894734,1.159099732,3.152916537,-0.335507102,-0.350156186,-0.750440167,1.298881026,-1.245687013,4.567149322,-0.537987027,0.505669035,-0.178444349,1.422753616,-0.29364751100000003,0.967446145,0.913500521,1.056220148,0.227136481,0.021463809,0.621389215,0.499704416
2001-Q3,-4.645878876,1.193073813,0.040774616,-0.190617769,1.310075974,-0.066614244,-0.038773653,1.273112325,-0.209109191,0.897826274,0.931995265,2.065120343,0.632169934,0.255718771,0.460117524,1.621616296,1.040855033,0.902779976,0.020738765,-0.500081849,-2.438486219,-1.041742522,-0.31675082,-1.089303363,1.350193624,1.438634796,-2.119741726,0.219593551,0.173787806,1.236688161,0.761885151,0.480016622,0.146341395,1.927419853,0.382869184,0.599802466,0.382220994,-0.400349016,0.265747943
2001-Q4,-5.694872931,1.209764099,0.368740018,-0.09969491,1.330769936,0.608829247,-0.313937087,0.48379866,-0.081492953,-0.197216541,0.680507295,1.467100305,-0.281151844,-0.065869298,0.162426854,0.264898641,0.689471934,0.743240053,1.416301355,1.895132914,5.909541148,-0.415621568,-0.199735202,-0.340720809,1.762585517,2.616537596,3.282445034,-0.635120459,0.322515301,0.873096416,1.484149488,0.013798008,1.399039679,0.811616376,2.1716693,1.0066457,0.841556953,0.277314358,0.769322925
2002-Q1,-4.931018536,0.762014306,1.001981603,0.859674646,1.568064738,1.484226046,0.018022269,0.471920251,-0.512640062,-0.033566445,0.430755321,0.696997516,0.654199432,0.574170589,0.347322027,0.817047668,2.068649617,2.307410312,1.219098583,1.957009869,-5.765540269,0.279672056,0.165912888,0.168088239,2.544481592,0.418170158,-0.024657312,-0.681136553,-0.610179989,-0.898576419,0.891059203,0.673443244,0.177808538,2.273200479,0.31583929,1.361285078,-0.116650499,0.828227216,1.08600902
2002-Q2,0.423986148,1.714537736,0.517752683,0.855923515,1.54895224,0.589373312,0.248665565,1.861572551,0.433303471,-0.009920153,0.821027301,3.497039593,0.989145658,0.417896097,0.525863509,2.238306787,1.264642156,0.512514177,1.285428675,0.462559725,3.554913161,0.547265999,0.362171875,0.810324729,1.812135416,1.758029925,3.831911146,0.924309337,0.348263578,2.083760725,1.317299536,0.696752269,-0.463985813,1.044607311,1.0049317,-0.174161944,1.542451588,0.615502456,1.268859181
2002-Q3,0.074497309,0.301610075,0.234154378,0.535435677,1.482387104,0.86544944,-0.041243159,0.794700589,0.466422564,0.340052292,0.616873221,2.004468963,-0.234029644,0.22944332,0.725898944,0.577044906,2.052006133,0.916255378,1.283531345,1.969927299,-0.853559831,0.048287699,0.204819055,0.314529453,2.021812956,-1.554092716,1.224562333,0.778007046,0.155263883,-1.48828962,1.172125092,0.943385845,-0.453600128,0.408777295,2.248052961,1.186865661,0.594651854,0.403528704,1.131829481
2002-Q4,1.019056942,0.816602881,-0.33317167600000003,0.373866936,1.030276793,0.548620905,-0.406969818,0.366012754,-0.127664929,-0.330022229,0.748338211,0.732020475,1.138140747,0.235302252,0.838067847,0.771020466,1.28221367,1.225315382,1.081071923,1.550262724,1.917147048,-0.210825281,0.424185025,0.278595422,1.097353992,-0.350453465,4.015564126,0.235940633,0.149651197,1.132480748,1.331353746,0.529460844,-0.746441208,1.759103192,0.661286291,1.725578702,0.178407086,0.130655767,0.831988659
2003-Q1,3.695017177,0.19674302,0.653661319,-0.263543192,1.40400195,0.553325235,-0.481055394,1.229943781,-1.478778285,0.535905782,0.936732447,2.293807029,-0.70655442,0.107260424,0.633321254,2.081952583,1.336577427,0.775901866,1.305113264,-0.252583549,1.603247449,1.12812539,-0.354571079,0.061599065,-0.659159835,-0.127873515,0.649378546,0.237213801,0.017344153,-0.028625331,0.552446377,0.392600417,0.105061371,-1.662525689,1.778995158,-0.045402369,1.140423462,0.516723187,0.63476228
2003-Q2,3.164325049,0.424495499,0.193561035,0.213740458,0.998540908,-0.147463728,-0.207537414,1.302809651,0.10615703,-0.930017583,0.526951735,2.315753073,1.4383043150000001,-0.214100762,0.856305203,1.771173645,1.604278053,1.036348838,1.133864086,0.632379625,-2.905446965,-0.199787445,-0.132972305,0.687381523,-0.154146863,2.509913073,2.391877459,0.228958064,-0.345329821,-0.476978198,0.437140195,1.675123961,-0.888761522,1.351971588,1.510230891,0.160481418,-0.543919398,0.893377801,0.488369504
2003-Q3,2.443638131,1.734359431,0.254812677,0.408990765,1.192126673,0.373654347,1.039983393,1.257232678,0.765875935,0.343466356,0.659827719,0.983638414,1.196162047,0.658338878,0.985626756,0.627318594,0.674244232,1.193085487,1.047589655,-0.09181568,0.191515198,0.913743715,-0.083619116,0.29517828,1.932669509,1.059318182,2.169396332,-0.03769845,0.088712714,1.407083868,2.107215906,1.286028451,0.887370155,2.201831636,0.393162636,1.465976119,1.414734833,1.66689627,0.542690582
2003-Q4,1.87649889,1.638879734,0.159388046,0.695603459,1.994402665,0.689959181,1.192253972,1.07121822,0.280635378,1.86298281,0.852443519,2.611119774,0.183308401,0.682400724,0.777338573,2.137179548,0.901163545,1.016475352,0.985596804,6.308874234,3.164047333,0.41911875,0.88070564,1.088973725,2.639479586,3.762226134,1.261723802,1.100261153,0.535395784,0.032046618,1.304388335,0.767903501,0.377797496,0.216816158,1.686276305,0.641304182,0.656570441,1.154045728,0.576931272
2004-Q1,3.215660867,0.779711146,0.979981481,1.498661289,1.252790023,0.720267587,0.528157976,0.991787514,-0.174887574,0.481617502,0.60844005,2.319076661,1.276604694,0.983356698,0.44474421,1.828564537,1.499803151,1.539780778,1.174987671,-0.564563977,3.92201562,2.291899802,0.263446372,0.734836086,1.254800591,-0.642237043,3.399992602,1.40831245,0.905236953,3.539428959,1.706060885,2.241846883,0.902894616,4.616262948,1.298763268,0.982152092,1.808067936,0.572916486,1.513781636
2004-Q2,-1.056106149,0.674149871,0.769781413,0.961516501,1.954808838,1.187819015,0.815114073,1.441936815,0.513960048,0.595381652,0.983144346,-0.679633228,0.859723809,0.584512811,0.529076685,-0.018592188,0.408997501,1.19160082,1.195908358,2.140548535,-0.918490245,0.729835788,0.396487249,0.014472695,0.763499369,0.117532252,1.298106458,1.542205045,0.476796103,0.206085483,0.863589094,0.843044762,0.57209479,1.809095124,0.660447246,1.247845799,0.430875088,0.778738758,1.397449924
2004-Q3,5.04290363,0.76849786,1.165701334,0.872053567,2.074715347,1.180435577,-0.064730702,0.37951978200000003,-0.209174363,0.235625688,0.941201225,2.26134627,1.085054253,0.266379182,0.238714305,1.334459386,0.811727638,1.207257618,1.216829969,-1.053925395,4.828181237,1.232696131,-0.053439978,0.611751602,0.405586129,2.337739124,0.51536759,-0.213015965,0.149388239,-1.156209367,0.286892595,-0.041325346,0.039396612,3.47248531,2.319708972,0.989598642,0.782239047,0.941247225,1.635117939
2004-Q4,1.335678765,0.749595414,0.332765922,0.356570198,1.408860955,0.718426544,0.263934711,1.365001545,-0.093170489,1.08087338,0.671859278,2.078503235,1.505214274,0.749216172,0.316186089,-0.381337288,1.858174425,0.367393048,2.814066405,3.536247859,1.153160413,1.314310335,0.32013714,-0.192303082,0.757933774,-1.079093839,2.31149816,1.326156269,0.218014009,0.983877647,0.350885035,1.028409791,-0.295723234,1.51905834,1.533466053,0.381019997,0.833330768,1.022027369,1.067930101
2005-Q1,2.913818689,0.759022215,-0.185871634,0.526251103,2.079569133,0.346066595,0.793843646,0.377224773,0.002916701,-0.362985061,0.981551608,1.756258983,0.989264573,0.235441983,0.750302595,-0.588090483,-1.28011582,1.008565687,0.811018021,1.479469844,-2.802383611,0.777818693,-0.257359459,0.514702701,0.850903369,-0.827791797,2.623730309,0.159291932,0.322858268,1.566586303,1.167011871,0.702698326,0.769012778,0.408996386,1.236644715,0.916358939,0.439379027,1.110882508,1.016599753
2005-Q2,2.176308559,0.45198268,1.267961049,0.599075268,1.40610268,0.725522707,1.087821055,1.02737673,0.536190398,1.968906957,0.888808271,3.959928955,-1.196153235,0.279842613,0.946491587,0.237815218,3.757184034,1.931914793,1.145210323,2.37711456,7.144254011,1.151785776,0.80963994,0.779010996,1.887062862,0.814255761,2.292996523,0.293755748,0.703469864,0.525457662,1.598238855,0.458379827,0.368647118,-0.48489897,2.097826558,1.752950256,0.661708078,0.486604478,1.794553973
2005-Q3,0.737969411,1.119931171,0.673901647,0.395532035,1.31493366,1.211374835,1.10108178,1.678854582,0.846375512,0.111335017,0.967356128,2.394842702,1.447934682,0.53945845,0.857838571,1.390843165,0.994820586,0.738729724,1.101901968,-1.890038105,0.359790154,1.238779311,0.634992261,1.012827833,1.505330894,2.017206476,4.98717413,0.839301484,1.342952261,0.831250921,0.487530064,1.900026352,-0.471937283,1.986292165,1.634457023,0.835435066,1.184654258,0.78562198,1.363618551
2005-Q4,1.844351398,0.761443207,0.889946126,0.767038264,1.649948102,0.988734322,1.071625411,1.485458396,0.471373573,0.324723372,1.001443906,2.30923721,0.28743607,0.668573267,1.043946134,0.501015516,1.196947851,1.130171086,1.421164862,3.933520491,1.683677313,1.755779643,0.153526917,0.176814404,1.012464666,5.18345186,3.766505726,1.670647595,0.630550925,0.225499966,-0.403225806,1.744701196,0.13303494,2.467922653,1.457637276,1.763644436,0.693039165,0.567928238,0.669356074
2006-Q1,2.625726454,0.09927512,1.173819467,0.614857043,1.563917236,0.810995411,1.207674371,1.170702259,0.961211712,1.256661041,1.150570686,2.29725709,2.494514835,0.788798161,0.344745269,3.258220871,0.470507117,0.79221873,1.321218929,1.959516889,-0.51044919,1.290474543,0.149610197,0.158048487,1.639117138,0.084699513,-0.802459372,1.757056817,0.623937875,0.70674634,1.64541341,1.531047485,0.817392645,1.611534264,2.377695495,0.716035732,1.538280651,1.34866612,1.757168426
2006-Q2,1.289231891,0.228847299,0.15893883,0.354937099,1.738536484,0.051646385,0.814765082,2.580709305,1.722767893,2.982414581,0.975689234,2.09478448,0.244923148,1.031334793,0.235756048,0.307050511,1.397055216,1.420127653,1.276789436,0.16254552,4.443068054,2.200874571,0.70757194,0.155653082,0.730602028,0.283221508,4.993182016,0.971575413,1.497031303,0.125089789,0.455813755,2.319533915,0.96512188,3.484011875,2.33612314,2.164406609,1.647119268,0.245583731,1.420243604
2006-Q3,2.791000082,1.485106286,1.346425894,0.880418794,2.09843355,0.279245485,0.657077406,2.118270882,0.77994355,-0.666822567,0.929862547,2.290224851,0.950365525,0.05702502,0.142617665,0.477438963,1.401146937,0.542186103,1.611894739,0.625636528,0.042242639,-0.65346495,0.479358063,-0.205348917,1.613954951,0.49382694,3.371870748,0.280034355,0.598152747,1.027564479,0.640332464,1.599288756,-0.112732238,0.781315517,1.909726233,1.680955271,1.174899483,0.150456188,1.381152984
2006-Q4,2.102478656,1.285179945,0.851218487,1.135413316,1.642885005,0.398598242,1.286994505,2.999229658,1.514652417,-0.271021311,0.948808227,2.480962784,0.785150741,0.73821036,0.436638333,2.542940426,1.260851739,0.972950454,1.594383978,0.901859184,0.945841005,1.453156611,1.296625507,1.351538247,0.779357615,1.458742893,4.476931288,0.248689285,0.824500468,1.832666418,0.882755715,-1.435946803,0.711999077,1.311628875,2.81717319,2.179859633,0.661101192,0.843711696,1.382817924
2007-Q1,2.358168322,1.385331201,1.139579177,1.417379597,1.4429560320000001,0.639626644,0.56849388,1.088440543,0.062645067,0.33129799,0.9203708,3.315681774,1.932458496,0.740916318,1.040825177,-0.785285662,2.186717239,-1.261069321,1.62635968,5.516013888,1.386953928,2.036011742,-0.274261556,0.670288386,1.674043596,5.019353865,1.632162031,0.700347323,1.145697378,0.027707845,1.230055969,4.461335298,1.052270567,1.809016335,2.098446791,1.881463334,0.959994736,0.293598861,1.623672013
2007-Q2,2.179739626,0.647185616,1.018544234,0.456797608,1.932279852,0.968907263,1.545926417,2.676163456,0.838052582,-0.447886765,0.902488869,0.390309005,1.797506864,0.673440708,0.658963332,2.911721824,0.726207915,-0.122505146,1.666702241,-1.117150092,6.130305399,1.667622636,0.271710179,0.02993475,1.730290857,2.209702452,2.053603284,0.772135159,0.511646773,-0.00159044,0.909784829,1.339039818,0.443121174,2.138566468,2.475316882,1.279030912,0.52975915,0.63843452999999994,0.819557991
2007-Q3,1.338005452,1.139659837,0.322290611,0.77208828,1.292175872,0.419854575,0.845488862,1.050274606,0.518079044,0.939515371,0.767469701,0.201066071,0.918417552,0.452016416,0.760831396,-0.623113458,0.192482833,0.513949389,1.576563345,-2.62803025,-1.128455798,1.894814999,0.208515152,-0.552461581,1.173831453,-0.734537985,1.852582393,0.629399788,1.117501908,1.285493893,0.744163225,1.738282754,0.205999342,0.943225462,2.368116484,2.010873235,0.779430301,0.602306657,1.171935193
2007-Q4,3.068227943,0.402588143,0.845826085,0.405803087,2.127336758,0.113617046,0.891525066,1.824048207,0.644263863,1.005988508,0.630260395,-0.600338298,1.319947274,0.199015588,0.660700654,-0.495876772,-0.061252585,0.323943309,0.866016391,3.72263414,4.085255043,1.365338986,-0.359101905,0.445625172,2.156948555,0.793246783,-1.132169126,0.392800056,1.353023647,1.09003592,0.164373554,1.319952701,1.118249303,3.290003489,6.379097663,0.17149829,1.105149061,0.609644003,1.417079709
2008-Q1,0.944635427,1.050220509,0.821040694,0.431929904,1.630861016,0.076640567,0.846068375,2.247401368,0.640153777,-0.041561001,0.221135567,-2.220161586,-0.122968349,0.500172285,0.484699608,0.611597606,2.740886019,0.888642867,2.237805483,-2.510734997,-3.039920478,0.944287076,1.165336477,0.366901946,0.402394858,1.072631667,1.978189663,-0.20279578,0.327531403,-1.017831138,-0.314025811,1.386747076,0.007673184,4.666233176,-2.847013256,1.629278397,-0.754495753,-0.407429474,0.420005275
2008-Q2,0.512029744,0.289018868,0.798643813,0.063486862,1.190043126,0.361671897,1.174561265,-0.111153561,-0.243822487,-0.922683985,0.115662067,1.015878143,-0.802954874,-0.551573952,-0.476414117,-0.639736483,0.43535439,0.621115204,1.462956474,-1.63857127,4.171341492,-0.080189583,-0.949721102,-0.594314962,0.523473003,-1.102387232,-3.618289386,0.772656337,0.492586831,0.049825936,-0.300788554,0.597445969,-0.492606075,1.669828192,1.262698542,1.684545483,-0.069511605,0.572295345,1.220887141
2008-Q3,0.778322676,0.723099132,-0.641047086,-0.584322554,1.140475328,0.820044012,0.480676004,0.518806585,-0.637623934,-0.584136662,-0.182712679,0.047698085,0.345367222,-0.192934173,-1.513153285,-0.097483141,-1.618938153,-0.210321195,1.336259625,-1.220055089,-5.804792168,0.255581827,-1.26543473,-1.261971769,0.815881043,-0.822848627,-4.055849366,0.316338989,-0.122148031,-0.182604115,-0.340427267,0.027029029,-0.082530827,0.18212667,1.445068088,-0.585716391,-0.482612302,-0.526892902,0.238933351
2008-Q4,-4.659020993,-0.46997471,-2.271646846,-2.168833441,0.51669181,-1.159518489,-3.04214863,-1.178419191,-1.59358726,-2.361480698,-1.627125163,-11.798106598,-2.145738102,-1.490974626,-2.235659661,-1.397015176,-2.429813582,-3.496308333,0.147123979,-4.605484717,5.318457506,-0.873457213,-2.738237213,-2.441914303,-3.283889347,-3.684500269,-2.407504922,-1.632364902,-0.659940783,0.313103192,-0.670907566,0.133188303,-1.291756647,-1.727057932,1.240389538,-3.763585914,-3.582443348,-2.183097148,-0.569248528
2009-Q1,-3.675257825,0.922578068,-1.778900391,-0.97325393,-4.42199635,-2.259686183,-1.795521538,-2.332166936,-4.684417665,-1.423447795,-2.600341016,-2.651967139,-6.477614128,-1.686611178,-1.940930979,-4.747780617,-4.865785053,-4.118367752,1.359995668,0.108674364,-9.839834364,-0.227326198,-2.494448191,-4.798585216,0.089986722,-1.888071745,-3.603843972,-5.124109663,-3.593640793,-1.475255112,-1.006980911,1.41819198,-2.516670472,-4.074610812,-9.739806654,-4.352604889,-1.438903205,-1.165722531,-1.555542595
2009-Q2,-2.256316339,0.741782204,-0.789682764,0.047812829,0.094456951,-1.091258596,0.588182499,1.527721418,0.159631649,-1.938341181,-0.004460138,-3.374438715,-0.436809528,-0.029336559,-0.286786226,2.7768419029999998,0.468360643,0.045645913,1.297970272,0.040076639,0.040418969,1.187061372,-0.49823318,1.936315892,1.332777638,1.23940271,-5.732983472,-1.476238894,0.002508579,-0.884680206,-0.054085538,0.217027501,0.089438207,-0.703236647,1.714165498,-1.089760936,0.04312379,-0.169238139,-0.343211369
2009-Q3,3.952363868,0.304711003,0.384998599,1.263779444,0.865510111,0.44993852,1.383838464,1.200940581,0.557834609,0.345762915,0.213724455,-1.967137961,0.924668988,0.161566616,0.132204777,-0.725436891,-1.069280314,-0.018818428,1.547341843,-1.095576841,1.001833596,0.863151302,0.634255433,-0.061720898,2.992674785,2.139786911,-5.083944702,3.296504879,0.400707908,0.064700779,0.495358615,0.718488982,0.882224183,0.161950491,1.801985342,0.227804237,-0.045526842,0.361929991,0.231907188
2009-Q4,1.914823984,0.753923572,0.662812053,0.802290461,-3.077689545,1.166157024,0.550085385,1.491017962,0.735876334,0.090743262,-0.03523569,0.468825897,-0.771944872,0.717411644,0.341005222,0.128217041,0.751216806,-0.040998604,1.473669266,-3.547614789,-0.134323259,1.407847789,0.32998136,1.265204901,0.746867545,0.46748152,0.358314055,1.658656543,0.602328461,0.05370433,1.269571701,1.513037251,0.047782666,-0.074212557,2.036414162,-0.143307878,0.474567007,1.06796195,0.666971689
2010-Q1,3.002989388,0.436540512,-0.452148081,0.518118543,1.435303032,1.206341487,0.994115585,1.302856068,0.812025848,0.863569079,-0.022261964,1.378155376,1.001905585,0.367802104,0.949826918,-5.612631543,-1.059893999,0.042629393,1.625319176,4.351500562,-5.891098831,1.575548327,0.340682079,1.061409931,1.959076739,1.527509248,-0.58229417000000006,1.046826712,-0.188858594,2.319529471,0.329263554,-0.427965924,0.823018427,-4.547393837,2.026005391,-0.11184504,2.650211953,0.500053481,1.166724893
2010-Q2,4.436837487,0.672461908,1.281885062,0.985354241,1.643229427,0.523260909,0.626810103,1.227338462,2.25194371,0.683517919,0.156239562,1.267529952,2.761947367,0.471127581,1.143742541,-3.701573215,-1.009754773,0.796169292,1.662187283,0.683540051,3.956119503,1.449409912,0.69666975,1.181298993,1.899801372,1.380704352,-0.740515916,1.106677534,0.438950609,-1.065485954,0.707326022,1.432075505,0.552428604,0.665487991,1.249857232,1.783760787,2.059831132,0.967704639,0.839411996
2010-Q3,0.599667867,0.704138076,0.986443446,0.417149241,0.768186577,0.708694922,0.526009789,1.602979871,0.817712239,1.585373276,-0.048540272,1.465733326,-0.410728143,0.609514139,0.63431984,-3.303151718,1.569124367,0.818969733,1.506798863,0.14018241,-2.136217737,1.203892804,0.445766135,1.797742163,1.15521508,-1.215056291,-0.38270643,0.939043241,0.441811764,-2.487364011,-0.248962656,1.185957499,0.083833036,0.098998829,1.15751257,0.263716975,1.235610173,0.77314415,0.890246294
2010-Q4,1.353486694,0.880046012,1.13206601,0.505236083,0.979954913,1.117505154,0.825806746,0.567041958,0.81107565,-0.225049653,0.052271008,2.101126483,2.100121636,0.689130496,0.137385936,-0.764407877,-1.277893404,-0.033237568,1.598023562,-1.837364834,3.829970186,1.579826779,0.535782161,-0.794756262,1.2193187110000001,0.111347678,0.934185626,0.773127413,1.128152682,2.814036094,-0.519459438,1.079005847,-0.194037196,1.710230166,0.691048201,0.527971594,1.592117169,0.519595159,0.930781355
2011-Q1,2.341947104,-0.298009535,0.786793643,0.481369771,0.068875002,0.755347044,0.516323635,0.583024685,1.93896995,0.217842912,-0.150061692,2.027467586,0.558440833,1.047070455,0.253645895,-3.877658574,-0.370111587,0.923247868,1.453175951,3.372653382,-3.915460756,1.30657436,0.518360415,-1.045941175,0.933130719,1.394073442,-1.333260962,0.759661266,0.577152583,0.049335744,1.0912577,1.539187152,-0.660768312,1.900823776,0.30403582,0.650993292,0.375432365,-0.240916068,0.984801432
2011-Q2,0.981352662,1.296483115,0.42411657,0.207189998,0.961691599,0.19480651,0.633177949,2.345602583,0.094706566,1.002326552,-0.310222499,1.909179555,-0.174006405,-0.109149851,0.05554265,-1.782529809,1.53886595,-0.092164563,1.454355979,1.189681522,2.584482449,1.14723481,0.044927652,-0.875076767,0.490791061,-0.881308922,3.448878582,0.536111362,-0.08940421,-0.414478884,0.506446601,1.237331845,-0.428915528,0.327168282,0.690974812,-0.534828598,0.33353964,0.678050751,0.559671779
2011-Q3,0.828367715,1.3471873,0.48992334,0.286440473,0.100980482,1.379639562,-0.310373164,0.291190185,0.8831004,-1.243706016,-0.645826509,1.670493465,0.122387672,0.489675552,0.153660086,-2.028486432,-0.40045619,0.229723966,1.514638324,-1.396130794,1.705437874,2.038630571,-0.488215997,2.41449363,0.526323638,1.231445966,1.52798877,1.942975006,3.84789e-4,1.615695326,1.02987232,1.122822489,-0.780836238,1.79545354,0.459587733,-0.167572569,1.265726024,-0.038767163,0.413771114
2011-Q4,0.011892041,1.081422925,-0.033282896,0.29165661,-0.088845988,0.78751324,0.038418842,1.290633331,-0.323050149,0.817187733,-0.663137427,-0.032903123,0.027781379,0.195267873,-0.041728047,-4.490517776,-0.689326375,1.268392976,1.460931514,-0.196586195,1.427123029,0.694055868,-0.966852045,-0.128528154,0.472298068,-0.491693561,0.1852893,0.655107076,-0.603347169,0.051718066,0.574267263,0.807182837,-1.478454706,-0.65808262,0.759235426,0.040531482,-1.35646361,1.121678183,0.684087092
2012-Q1,-1.084249799,0.956996518,0.859401309,0.214596578,0.65256786,0.064087343,0.558279009,2.1483707,0.209109421,-0.069457024,-0.931195619,0.593755678,-0.4369723,0.041244694,0.830481781,-0.285873249,-1.18934063,-1.774296657,1.504587304,-0.015094239,-3.053491615,0.364897296,-1.135137033,1.39572271,0.865665953,0.515075925,5.102791274,0.653323156,-0.208153293,2.330006299,0.616430237,0.315285156,-0.545801608,0.976164586,0.217690194,-0.616815074,0.158653607,0.817922845,0.566841886
2012-Q2,-3.35861823,0.732216576,-0.422078504,-0.00100064,-0.248115462,0.326163737,0.229299185,0.438227721,0.208649622,0.075250259,-0.958602679,1.226169049,-1.058171539,-0.166553824,-0.056038575,-1.744989124,-0.878099448,-0.64864236,1.498864885,1.298680308,1.235637366,-0.051463363,-0.688272499,-0.910172729,0.565974618,0.157077057,-0.541078485,0.869026116,0.050938315,0.236072065,0.337744963,-0.182069714,-1.347954513,1.474538298,0.153515527,-1.800425636,0.146408852,0.455859987,0.83473463
2012-Q3,3.084393276,0.592967678,-0.223058513,0.243158053,-0.234239551,0.136217106,0.879926597,0.614937831,0.281110725,0.093894243,-0.519688187,0.499927979,-0.385316617,0.222467475,1.242536205,-1.453735195,0.333172459,0.351147381,1.411914577,-0.960292319,0.695748773,0.942432392,-0.511856023,-0.393899748,0.45177694,1.105506648,1.272045087,0.565590609,-0.429226861,-1.451209552,0.252456065,0.039914839,-1.129418955,-1.443657999,0.084216814,0.228001056,-0.137589897,0.174882978,0.406557831
2012-Q4,1.710707721,0.488325814,-0.077312136,-0.045918265,-0.306821226,0.20678147,-0.018371371,1.241198742,-0.446428737,-0.16162989,-0.740714981,0.888182289,-0.07736141,-0.103361202,-0.101464519,-0.799926156,-0.793118467,-0.132253808,1.391631914,-0.0107899,1.450186091,0.523423614,-0.741077598,-0.070045484,0.502248725,1.66085325,0.497050672,0.854539181,-0.699748534,0.818199806,1.536299217,-0.069342901,-1.580457377,0.461967368,-0.122894347,-2.011098938,-0.676371932,0.109838067,0.476942783
2013-Q1,-0.027687252,0.438434277,-0.096385347,-0.274637479,-0.278698219,0.897004855,0.382360796,0.316492673,-0.456263233,0.563835211,-0.307528213,0.47925484,-0.857299318,0.086670635,0.234370798,-0.99279602,0.564063452,0.193877393,1.39158437,-0.794739625,0.854455548,1.326036168,-0.971269615,1.400999212,0.859424906,0.037243433,0.335687771,0.244574048,0.322901443,0.084622423,-0.313377168,-0.158027582,0.416147358,-1.601904668,0.034020312,0.194092427,1.351849301,0.867789548,0.776024074
2013-Q2,0.603968789,0.414845889,0.0357612,0.583834884,-0.187525205,0.580357191,0.716180758,-0.398635334,1.068615489,0.074281939,-0.088247812,-0.256548757,0.460926042,0.650344712,0.678973491,0.158442142,0.078193142,0.96979847,1.275365348,1.676549152,1.434680295,1.97520572,0.037708852,0.899309274,1.166152951,1.862028388,-0.052188894,-0.550106853,-0.180703927,0.723775859,1.174519296,0.759343076,0.75837044,1.461460208,0.316532549,0.288606129,-0.08136158,0.13938522,0.727379222
2013-Q3,0.539067517,0.781005211,0.438126289,0.309637595,0.396361527,0.814973402,0.750929043,1.972929234,0.559757746,0.633381867,-0.036737262,-0.248682449,0.348848232,-0.109537941,0.749008394,0.009316858,-0.508875995,1.567452862,1.314201413,3.166215748,0.009193719,1.010436332,0.216738076,0.943686024,0.856151759,0.222364263,1.370565212,0.933048369,0.603037231,0.982541308,0.573770492,0.736618097,-0.139296447,0.611765141,0.454962988,0.027046442,0.44785307,0.791653411,0.474459609
2013-Q4,-0.950942927,0.812261066,0.436316694,0.218360116,0.152242517,1.050559545,0.20555257,0.561476873,0.288637409,0.201104009,0.166160366,-0.04991267,-0.179485726,0.674246843,0.642727656,0.633583756,-0.279148451,0.873149673,1.271773474,-1.222586815,3.201487907,0.750894054,-0.204379995,-0.123059317,0.874915753,-0.94938979,0.860331174,0.558460973,0.634730192,-0.177520275,0.240708099,0.583914583,1.094967331,1.34456822,0.574798774,1.943151909,0.706459333,0.711171002,0.538352036
2014-Q1,-1.491900441,0.770079521,-0.188150851,0.429826386,-0.033544365,0.163447761,0.514576935,1.268071323,0.973900086,0.253255592,0.367288312,1.641612006,-0.772230003,0.022064498,0.937213186,-0.030729066,-0.243890936,0.779275559,1.184387395,3.807877809,-2.587454212,1.097096734,0.171372007,0.843311269,0.856974689,2.134192894,-0.03460237,0.690402159,-0.094817587,1.021992465,1.499394948,1.260560666,-0.641839267,1.231725323,0.612712518,0.059903219,0.829232135,-0.350109737,-0.137935652
2014-Q2,-0.602654585,0.439564924,0.504935741,0.265272916,0.632512227,0.913329104,0.8179306,0.277417634,0,-0.072441775,0.471333071,0.408103781,0.162133293,0.068789501,0.874234419,-0.254363377,0.554472127,1.321727373,1.244944008,3.120362357,-0.15265916,0.75090516,-0.047938067,-1.81864605,0.87785841,-1.338543497,0.519215213,1.26035295,0.585479798,0.736673399,0.516011252,1.10873923,0.332717028,0.1676714,0.755913366,0.870439624,0.822412427,1.284128907,0.394667298
2014-Q3,-0.861312069,0.467208508,0.04731077,0.690442001,0.402939974,0.959051308,0.58185708,0.931013997,0.508953736,1.673875429,0.734260997,1.340419578,0.386585668,0.559981634,0.759640948,1.068551037,-0.424410668,0.953962522,1.163409946,1.815141343,3.698199089,0.912521859,0.138067503,0.069658877,0.311317266,1.997615906,0.444685441,0.365585538,0.249993171,0.419004568,1.269505912,0.800427666,0.094687166,1.761929201,0.954227744,0.605735937,0.709983657,1.164961644,0.480579252
2014-Q4,0.566102525,0.378543652,0.121883305,0.522583418,0.89665436,0.691975668,0.65186951,0.997821091,0.810214471,0.358693362,0.859167269,1.497654713,-0.239025686,-0.019253302,0.650659625,-1.052710293,0.538987272,0.561180031,1.149738957,-0.326633538,-0.519901212,1.447279978,-0.359904531,0.465005737,0.490638748,2.556527726,0.515863006,1.044287892,0.895674382,1.218756405,1.621433669,0.854529664,0.808968919,0.706056901,1.08966771,0.123592582,0.77865707,0.448993402,0.748775643
2015-Q1,1.475333314,0.935740311,0.231429551,0.519866681,1.009101711,-0.549519408,-0.180298606,0.157118282,-0.512323407,0.684680081,1.147481028,-1.396812539,-0.777743972,0.542625084,0.412696486,0.567663296,0.598903498,1.660949224,1.226116904,21.018325974,-1.449360201,0.146301091,0.354522324,1.573165082,0.77536404,-0.619847231,1.523346816,0.546245594,0.59541208,-0.218483034,0.320553224,1.619841435,0.644836282,0.812037606,1.907323973,0.462685408,1.406763125,0.813313626,0.722352926
2015-Q2,2.264416119,0.080710787,0.149332027,0.671848114,0.725106568,-0.272172083,0.459140077,2.186671828,0.73714629,0.467773075,1.079096045,1.972404388,1.521684969,0.091064692,0.632878074,-0.05957947,1.254575369,0.115358722,1.162750748,-2.559385254,5.900596969,0.089049244,0.383500884,0.138253151,0.483265163,0.596007051,1.4795003,1.159719253,0.308081081,0.528326464,0.730608362,0.552147059,0.29763901,-0.380654217,1.234354704,0.711832628,1.006912458,0.580001432,-0.844263371
2015-Q3,-0.013219312,1.024909329,0.701671142,0.191087084,1.087160159,0.353701829,0.623565547,1.374129471,0.451081633,0.301652901,0.905855831,0.744794008,-0.009438771,0.213567897,0.430890009,-1.878887142,1.790111602,0.750274593,1.233903266,3.597829992,-0.279176589,0.299283324,0.175100738,0.072690754,1.44296871,-0.510277258,0.713428574,1.326735823,0.344295987,1.167740813,1.060341448,1.332401496,0.113767651,1.876333612,1.148612936,0.630085651,1.366396719,0.323372673,0.450424009
2015-Q4,-1.135181762,0.62875151,0.154395227,0.416906268,0.647035705,0.074877376,0.472874545,-0.564322271,0.439079962,0.222825124,0.973057209,-0.185255431,0.560715904,0.211936557,0.738668699,1.796932526,-1.346269231,1.035206791,1.274583398,1.009425249,0.947205551,1.040179788,0.516384977,-0.165695469,0.703947532,0.624761893,-0.148452606,-0.340961413,0.016409278,-0.875165027,1.049216174,0.799343179,0.479259937,1.035002846,0.723663688,0.123254917,0.731363634,0.146234347,0.433466201
2016-Q1,-0.878169269,0.887871854,0.731916455,0.057265569,0.78188232,0.54850084,0.390579199,2.43882191,0.839568541,1.152059046,0.680244742,1.623618368,1.233455365,0.656820563,0.365381448,-0.958915011,2.584140742,-0.530800273,1.209131708,-3.528718913,-2.656924295,0.849768933,0.377990299,0.764866174,0.285955753,3.060801028,1.848820177,0.577705816,0.918878664,0.495624714,1.162222532,-0.174680242,0.466787525,-0.095764667,-0.005213977,1.048497202,-0.03786417,0.589179869,0.238864308
2016-Q2,-1.669931611,0.605066922,0.357029981,0.549434826,0.756685328,-0.491711724,0.66812668,-0.391837953,0.443392669,1.352637774,0.414833758,-0.178366279,0.155780572,-0.33207023,0.629457625,-0.241263672,0.296601048,1.339887417,1.263482753,1.403815995,6.637651722,2.216630475,0.160116386,-0.137105108,1.206465365,1.380898134,-0.875085033,0.418666882,0.235477382,-0.031783269,0.957391754,1.460240891,0.299561897,1.034685943,0.248493064,1.281653641,0.046376896,0.302388807,0.096214305
2016-Q3,0.413581958,0.119598475,0.469764824,0.175503505,0.494095609,1.031213682,0.71362023,1.877161447,0.255048728,0.848381829,0.856627103,1.084952998,1.129504129,0.269268708,0.441599466,0.290055824,0.502542238,0.510620028,1.234684942,0.48876426,2.57936154,1.062645093,0.530086162,0.149932462,0.415940623,0.684749179,0.101074277,1.06715011,1.116299944,-0.307016018,0.88338317,0.572396745,1.17409239,0.236349887,0.365031586,0.90773552,0.304182017,0.601115379,-0.012183122
2016-Q4,0.568856776,1.087753763,0.924808035,0.513277018,0.940736951,0.561483087,0.150607659,1.055630971,0.36203717,0.720496974,0.543757017,1.209015736,0.307602168,0.613498163,0.64995375,0.6267269,1.290632707,0.881629274,1.211816774,10.778864943,2.645431284,1.248760721,0.306783636,0.138711456,0.606194491,0.475905636,1.219394346,1.032233677,0.837485782,1.339433996,0.374309813,1.917018087,0.931975429,1.888846203,0.599716357,0.798739854,0.845981246,0.496888796,0.084913574
2017-Q1,0.914025093,0.290652036,0.301532146,0.651981383,0.599751709,1.08691958,0.128553384,0.309949857,1.204045529,0.654390627,0.78518249,2.07112252,1.020370911,0.760226087,0.73915971,-0.195542677,1.31717877,1.408454289,1.250948225,-4.259474759,-3.831799453,0.185687701,0.518184601,0.852949533,0.984785463,-1.266313412,1.530842974,0.480103835,0.524686994,1.133149186,1.037746992,1.209823354,1.170816047,4.680067432,0.788770561,1.77916206,0.514095642,0.429663114,0.472126567
2017-Q2,1.053614116,0.575811679,0.699683819,0.241505195,0.69183175,1.023044213,0.170041608,2.235877899,0.847700291,1.117777678,1.02435951,1.757490173,1.273873841,0.772527527,0.536199019,0.526501098,0.002875322,1.226217408,1.248545011,1.828659062,3.045936625,1.327934495,0.430463389,0.41655591,0.714647727,1.309904388,0.887379176,0.302917268,0.879537581,0.96345788,1.087210662,0.983775772,0.505247849,0.94850807,0.940263265,1.167875597,1.292749163,0.503792981,0.54530205
2017-Q3,1.268470665,0.974243132,0.631139654,-0.06443299,0.683300532,0.421873021,0.540039634,0.067959382,0.735511417,-0.366774101,0.629616134,0.351611158,0.372894662,0.825780837,0.515931658,1.056659044,1.299931258,0.890569221,1.255614164,5.334811535,0.753577107,1.486660312,0.438108742,0.729846797,1.441838418,1.095195396,0.276144793,-0.234705823,0.715426169,0.685255721,0.854136034,1.478517002,0.69498999,1.183932237,0.834222742,0.874652325,0.925040023,0.827488715,0.183895972
2017-Q4,0.952133449,0.486795896,0.600571853,0.801726796,0.620504805,0.517990679,1.037320892,1.829453392,0.910297803,0.75496245,0.539328503,1.525246026,0.647030592,0.637953677,0.627325988,-0.900433325,0.340406955,1.448917613,1.274281111,4.94289674,2.509083642,1.54384928,0.537517214,0.069175879,-0.319868975,0.113795803,0.73902106,1.27807661,0.757067169,-0.569701184,0.845264227,1.352168158,0.825446682,1.376804373,1.188022751,2.262876067,0.141344736,1.005660086,0.393361099
2018-Q1,-0.314439208,0.94026927,0.72119043,0.372646625,0.463454401,0.875239281,1.122552841,0.124826679,-0.580238828,0.512055136,0.427001157,0.687677837,0.30024196,0.074639675,0.149766105,1.421196389,0.166598876,1.782556899,1.279745136,-0.218803026,0.338681593,1.247326559,-0.108780463,0.214820406,1.205851771,0.222741648,1.268366723,1.127973115,0.44772815,0.490017833,0.766706735,1.816341192,0.727368109,1.687045817,0.909560513,0.119834738,0.442944215,0.692653861,0.419659147
2018-Q2,-4.521334106,0.729847562,0.293058952,0.452534656,0.868687507,0.785105341,0.972101109,1.046615221,0.708886267,0.502598831,0.585880251,0.869907948,-0.088042119,0.417399795,0.454842112,0.142291836,2.095790421,0.935677393,1.259943222,2.291782866,1.509800764,0.201931539,0.039334962,0.426162356,0.636597085,-0.632687525,1.603606686,-0.040170747,0.642241054,0.300808205,1.115517297,1.408946192,0.779536523,1.570811706,1.18433536,1.36016575,1.022891442,0.697342921,-0.20919102
2018-Q3,-0.234207843,0.42384889,0.369954535,0.390736331,1.022813621,0.690122507,-0.32403398,-0.258755266,-0.788365008,0.602133078,0.52041551,0.862898523,-0.167427433,0.372717506,0.555787083,-0.272717245,0.136530066,1.447465932,1.275345983,0.419081709,0.206400392,0.880779816,0.132624729,-0.725304098,0.730848332,0.92472729,0.999190712,0.465083958,0.24370589,0.6300102,0.283773874,1.24347011,0.525723942,1.342008351,1.0017909,1.228302581,-0.76351782,0.722035914,1.28271173
2018-Q4,-1.484693094,0.221891089,1.3023463770000001,0.977159917,0.882875098,0.340869542,0.236336738,-0.490633607,0.794634591,0.499343436,0.659258956,1.107544631,-0.00176535,0.62209735,0.257173624,0.67227877,0.62588293800000006,1.011549229,1.274450005,0.793504204,0.980533304,0.816545001,0.300050497,-0.250868791,0.700312956,0.348077792,0.987438798,-0.281395412,0.411643876,0.033674237,1.267010047,0.981545156,0.608994992,0.924726315,0.52090078,1.29393729,1.198393292,0.181783198,0.352776575
2019-Q1,0.089245194,0.498909206,0.354686491,0.25757067300000003,1.255324537,0.090640853,0.14968249,0.94021822,0.71562698,-0.218153226,0.608861527,1.526150165,0.744990732,0.690059098,0.630363596,0.632961647,1.746204182,1.90000004,1.24662922,1.580050543,0.662021377,1.713848958,0.191276121,0.54173769,-0.198579317,0.323318032,0.422050804,0.050116572,0.699892649,-0.443113704,0.572989435,1.394978368,0.882987755,0.946556653,0.846704058,0.593007649,0.636491358,0.54271061,-0.905936171
2019-Q2,0.867411121,0.48373443,-0.247007678,0.545479217,1.122770587,0.990737829,0.444370896,1.369946331,-0.167744144,1.005162313,0.346200217,0.166856823,0.855135192,0.668344239,0.109963441,1.1086349,0.966401558,0.400000009,1.224949043,1.788804219,-0.112179031,0.404443614,0.220292548,0.463488922,1.059905534,1.718252332,0.584155346,-0.458166401,0.419470479,0.859924439,0.540068055,0.904342991,0.571006817,0.871024547,0.297988091,-0.286804186,0.598890892,0.67300894,0.408283926
2019-Q3,0.17854977,0.831628355,0.403102336,0.727858351,0.182982831,0.326642811,0.557134456,0.78126656,0.112016509,0.45731937,0.295000101,0.294831601,-0.010424811,-0.004974687,0.610854174,-0.097270049,-0.632240517,1.399999963,1.181871791,1.935218679,-0.405054508,1.16385609,0.039404832,-0.126440656,0.527437881,0.010847757,-0.186415906,0.576643086,0.39398386,0.568205142,0.832143079,0.743481326,0.451880731,0.5466901,0.239179196,1.395488999,0.163183387,0.889966473,0.138505833
2019-Q4,-1.686824106,0.516624692,-0.456836285,0.603803246,1.153809596,0.300683754,0.560006168,1.052482473,0.261074062,-0.304154136,0.217169436,1.155275465,-0.210255608,-0.291555108,-0.025112203,-0.268257686,1.203110138,0.500000026,1.057872586,0.973658465,3.255866855,0.852409653,-0.786078659,-2.923180716,1.271115777,0.51715184,0.399963271,-0.762852241,0.394678472,0.828953858,0.326414978,0.653482532,0.820784598,0.573082597,0.500783551,1.611411616,0.260923786,0.443046894,-0.034571232
2020-Q1,-4.221200143,-0.225418231,-2.565785587,-2.872160024,-3.771448854,-2.157302609,-1.505608327,-1.161778748,-1.422765492,-0.238431161,-5.48725517,0.716075905,-0.113185206,-5.552950318,-2.640828448,-2.139057538,-0.737653705,-0.500000049,-0.625522641,2.651389605,-6.622141971,-1.214879409,-5.880248777,0.563908349,-1.337455717,-1.223681934,-0.287686856,-0.929646866,-1.479086208,-1.291514575,-1.14640884,0.740226103,-4.355487705,0.680582655,-2.77391391,-4.906027566,-0.029107801,-1.175154201,6.95682e-4
2020-Q2,-14.851950391999999,-7.02001809,-11.243785624,-11.39783177,-4.822906813,-11.042537245,-7.04720949,-8.096711524,-9.481133512,-6.31245075,-17.826255917,-6.756161768,-6.164252218,-13.523349586,-20.991372606,-13.317788502,-14.072160264,-14.399999986,-6.987077016,-5.529749738,-6.527383101,-8.7974093,-12.101330197,-7.938036003,-3.026935758,-5.626404747,-6.995185953,-17.959203546,-7.904426125,-5.414676326,-10.393864593,-9.206071232,-15.119496961,-9.582511468,-7.405568962,-9.888564897,-8.058829886,-8.484336154,-17.094183366
2020-Q3,11.911785776,3.493950972,11.232720655,11.731267216000001,3.578897349,8.983958377,7.315925031,1.261912457,9.004694909,5.776992759,16.637933629,4.775670171,4.891597154,18.351564033,16.608614293,5.43753384,3.59741471,11.899999998,3.368435724,13.269687138,2.718803881,9.039196243,14.476293183,5.332036825,2.347785538,8.319049789,5.484141726,13.653574604,6.334387258,4.434557219,13.675110018,6.764794086,14.588001222,3.747788568,9.207307005,12.617890752,7.325352576,7.854483117,13.764967337
2020-Q4,4.251784565,3.438658836,-1.893524079,-0.527239151,1.814287583,2.192421261,0.26850127,3.659110425,0.621471543,0.097948727,-0.058975087,2.68327424,0.756287637,-0.88313252,1.213880983,4.135302252,5.255295869,1.399999977,2.456128642,-5.10338051,5.222104289,2.128770182,-0.824781612,1.66333441,1.213742846,-0.288541476,1.878120542,3.664940594,-0.017254917,1.16899443,-0.419137035,0.119266119,0.370563245,3.415380992,0.438627942,-0.162382359,-0.20008411,0.963213279,2.696950399
2021-Q1,3.566100808,1.946940394,-1.026954175,1.364535083,2.751951756,1.092953257,-0.12146514,2.62191064,-1.468048603,1.057434453,-0.228663315,2.59567517,-0.2232496,0.067503348,-1.169104099,3.196068104,5.928698687,1.100000018,0.871864351,9.025170597,-3.83936637,-0.228439477,0.264262944,-0.326698022,1.724067239,1.971881707,-0.551059467,0.485801554,0.004709173,-0.52154226,1.724929595,2.56943136,-2.570385739,1.743347379,-1.445700778,1.221541689,1.675130075,1.542791999,0.822924303
2021-Q2,-0.617639673,0.588369825,4.179375048,1.727122043,1.300888752,-0.792048753,1.991400821,2.014343968,1.928643933,1.88736584,1.352205559,2.819026666,1.576814658,1.052856915,6.541080048,1.514036687,1.042489032,2.400000005,0.127153806,1.945770214,4.790280489,3.816190591,2.49039657,0.491166673,0.833347929,0.594660189,2.398452645,0.946832847,3.719766704,1.310404971,2.347170606,2.168415518,4.42474298,1.685959201,1.907703018,1.487685767,0.904969576,1.707015905,1.387912495
2021-Q3,3.865873793,-1.829795586,4.189127512,2.32344601,1.817948595,1.30781901,1.796021903,3.731256965,0.785236875,0.767130074,3.108188446,0.77773761,0.936605672,3.327094964,1.765907329,2.432415644,1.792712779,1.699999988,0.185591584,4.437428396,0.928051349,2.275465855,2.829770848,-0.641159704,0.213238983,-0.268588614,0.610180395,-0.528952946,1.778243573,3.445896573,-3.935433603,2.117045915,2.781923432,0.584544541,0.389348728,2.457072396,1.629487795,0.656694491,-1.801676582
2021-Q4,1.631489361,3.853500852,-1.279101095,0.57009132,1.397270565,1.602575751,0.108312855,1.731065665,-0.02815511,2.712092153,2.26529089,0.8264551,0.697654438,0.559320498,1.621362281,0.924017156,1.054359338,2.099999988,3.774634496,-1.853601308,3.17478232,4.338539393,0.846427931,1.001290107,1.33777574,1.719744404,0.010703247,0.310567818,0.605217829,0.371447629,3.019312582,1.614791927,1.938735949,0.509786487,0.282477783,5.160503825,1.330762771,1.69569402,1.369403562
2022-Q1,1.178956556,0.710958288,1.320933594,0.567734486,0.402134696,0.764951812,0.310132569,0.236830025,0.798122004,-0.506168663,-0.188858719,0.021021411,0.515349567,-0.247156912,0.691608792,2.873258216,2.781005043,1.600000061,0.778974698,6.188752144,-0.854684349,-0.852619163,0.140863235,0.055858271,0.633967885,0.68498461,2.012727333,1.141910849,0.319851754,-0.721734953,-0.236188892,4.23910006,2.382822313,1.528180723,0.306299998,-0.052864959,0.180884256,-0.410338185,1.74312424
2022-Q2,1.042620016,0.892928115,1.883409566,0.543653175,0.699981284,0.807113811,0.270087667,0.633650077,0.102467351,0.862537915,1.458973728,-1.340947317,0.974483473,0.502983101,0.23497788,1.2284964,1.957961461,0.799999923,0.669381397,1.781407932,3.89241071,1.777255572,1.090838971,1.136479978,0.739266758,-0.531647771,0.24902196099999999,0.92437563,2.403535908,1.269831516,1.713817749,-2.35464228,0.127234845,1.26165134,0.345180243,0.239565628,0.898972664,-0.144633973,-0.736309355
